2042cf,192.168.10.26,GET,http://192.168.20.6/silex/public/index.php/,1483017679,,500
0f0f1f,192.168.10.26,GET,http://192.168.20.6/silex/public/index.php/,1483017705,,500
7864e0,192.168.10.26,GET,http://192.168.20.6/silex/public/index.php/,1483017727,,500
7faaca,192.168.10.26,GET,http://192.168.20.6/silex/public/index.php/,1483017730,,500
04690a,192.168.10.26,GET,http://192.168.20.6/silex/public/index.php/,1483017763,,500
43f250,192.168.10.26,GET,http://192.168.20.6/silex/public/index.php/,1483017850,,500
18354e,192.168.10.26,GET,http://192.168.20.6/silex/public/index.php/,1483017874,,500
d46ba6,192.168.10.26,GET,http://192.168.20.6/silex/public/index.php/,1483017875,,500
4d78ae,192.168.10.26,GET,http://192.168.20.6/silex/public/index.php/,1483017881,,500
01cb63,192.168.10.26,GET,http://192.168.20.6/silex/public/index.php/,1483017882,,500
af0684,192.168.10.26,GET,http://192.168.20.6/silex/public/index.php/,1483017882,,500
63f141,192.168.10.26,GET,http://192.168.20.6/silex/public/,1483018023,,500
6817d2,192.168.10.26,GET,http://192.168.20.6/silex/public/,1483018042,,500
e26283,192.168.10.26,GET,http://192.168.20.6/silex/public/,1483018043,,500
116614,192.168.10.26,GET,http://192.168.20.6/silex/public/,1483018043,,500
b45b19,192.168.10.26,GET,http://192.168.20.6/silex/public/,1483018043,,500
6456b4,192.168.10.26,GET,http://192.168.20.6/silex/public/index.php/,1483018051,,500
7c4598,192.168.10.26,GET,http://192.168.20.6/silex/public/index.php/,1483018081,,500
862e70,192.168.10.26,GET,http://192.168.20.6/silex/public/index.php/,1483018082,,500
3430c9,192.168.10.26,GET,http://192.168.20.6/silex/public/index.php/,1483018149,,200
4761b3,192.168.10.26,GET,http://192.168.20.6/silex_skeleton/public/,1483951640,,200
eb1a68,192.168.10.26,GET,http://192.168.20.6/silex_skeleton/public/,1483951641,,200
1013ae,192.168.10.26,GET,http://192.168.20.6/silex_skeleton/public/,1483951641,,200
ee4450,192.168.10.26,GET,http://192.168.20.6/silex_skeleton/public/index.php/,1483951657,,200
534102,192.168.10.26,GET,http://192.168.20.6/silex_skeleton/public/index.php/,1483951729,,200
a7eb1c,192.168.10.26,GET,http://192.168.20.6/silex_skeleton/public/index.php/,1483969483,,200
432a6d,192.168.10.26,GET,http://192.168.20.6/silex_skeleton/public/index.php/route,1483969487,,404
c0d8ae,192.168.10.26,GET,http://192.168.20.6/silex_skeleton/public/index.php/groupes,1483969717,,500
0ce38f,192.168.10.26,GET,http://192.168.20.6/silex_skeleton/public/index.php/groupes,1483969738,,200
f3ab74,192.168.10.26,GET,http://192.168.20.6/silex_skeleton/public/index.php/groupe/new,1483969747,,404
3964a4,192.168.10.26,GET,http://192.168.20.6/silex_skeleton/public/index.php/groupe/1,1483969751,,404
35f829,192.168.10.26,GET,http://192.168.20.6/silex_skeleton/public/index.php/groupes/1,1483969755,,200
472960,192.168.10.26,GET,http://192.168.20.6/silex_skeleton/public/index.php/groupes,1483969757,,200
d5c37f,192.168.10.26,GET,http://192.168.20.6/silex_skeleton/public/index.php/,1483969884,,200
7c0380,192.168.10.26,GET,http://192.168.20.6/silex_skeleton/public/index.php/toto,1483970195,,404
7ff853,192.168.10.26,GET,http://192.168.20.6/silex_skeleton/public/index.php/,1483970198,,200
8ccd4b,88.160.137.120,GET,http://ot.makprint.fr/silex_skeleton/public/,1483994867,,200
3f9951,192.168.10.26,GET,http://192.168.20.6/silex_skeleton/public/,1484058700,,200
08d458,192.168.10.26,GET,http://192.168.20.6/silex_skeleton/public/,1484059206,,200
1ca115,192.168.10.26,GET,http://192.168.20.6/silex_skeleton/public/index.php/,1484059213,,200
d3355a,192.168.10.26,GET,http://192.168.20.6/silex_skeleton/public/index.php/utilisateurs,1484059322,,500
88e998,192.168.10.26,GET,http://192.168.20.6/silex_skeleton/public/index.php/utilisateurs,1484059387,,200
6970ca,192.168.10.26,GET,http://192.168.20.6/silex_skeleton/public/index.php/utilisateurs,1484059660,,200
5432ae,192.168.10.26,GET,http://192.168.20.6/silex_skeleton/public/index.php/utilisateurs,1484059661,,200
aaeaa1,192.168.10.26,GET,http://192.168.20.6/silex_skeleton/public/index.php/utilisateurs,1484059661,,200
62dfb3,192.168.10.26,GET,http://192.168.20.6/silex_skeleton/public/index.php/utilisateurs,1484059691,,200
f25fe6,192.168.10.26,GET,http://192.168.20.6/silex_skeleton/public/index.php/utilisateurs/328,1484059706,,200
751cb8,192.168.10.26,GET,http://192.168.20.6/silex_skeleton/public/index.php/utilisateurs/edit/328,1484059711,,200
3e1180,192.168.10.26,POST,http://192.168.20.6/silex_skeleton/public/index.php/utilisateurs/update/328,1484059715,,302
bf70ee,192.168.10.26,GET,http://192.168.20.6/silex_skeleton/public/,1484059873,,200
eef287,192.168.10.26,GET,http://192.168.20.6/skeleton/public/index.php/,1484060921,,200
32e51e,192.168.10.26,GET,http://192.168.20.6/skeleton/public/index.php/,1484061015,,404
e7c3e6,192.168.10.26,GET,http://192.168.20.6/skeleton/public/index.php/,1484061060,,500
f9e6e7,192.168.10.26,GET,http://192.168.20.6/skeleton/public/index.php/,1484061097,,500
edc3de,192.168.10.26,GET,http://192.168.20.6/skeleton/public/index.php/,1484061134,,200
a89fcc,192.168.10.26,GET,http://192.168.20.6/skeleton/public/index.php/,1484061160,,200
